Ranger	Dueling	Brigand
Ranger	Survival	Farstrider
Tinker	Firearms	Demolition
SunCleric	Valkyr	Valkyrie
Monk	Runes	Crusader
Monk	Discipline	Oathkeeper
Monk	Fighting	Zealot
Reaper	Reaping	Harvest
Stormbringer	Gifts	Maelstrom
Starcaller	Moonbow	Sentinel
Starcaller	Tides	Moon Priest
Starcaller	AstralWarfare	Moon Guard
Starcaller	Hydromancy	Warden
DemonHunter	Demonology	Tyrant
DemonHunter	Slaying	Slayer
DemonHunter	Felblood	Infernal
Pyromancer	Destruction	Flameweaving
WitchHunter	WitchKnight	Black Knight
WitchHunter	Darkness	Houndmaster
Guardian	Protection	Vanguard
Chronomancer	Time	Artificer
Chronomancer	Duality	Infinite
Chronomancer	Displacement	Time
SonOfArugal	Ferocity	Accursed
SonOfArugal	Packleader	Eternal
SonOfArugal	Blood	Sanguine
Primalist	MountainKing	Mountain King
Cultist	Influence	Heretic
Cultist	Bulwark	Dreadnought
Barbarian	Tactics	Headhunting
