1,1,ammenvalestart,1242,Ammen Vale
1,2,Ashenvale,44,Ashenvale
1,3,Aszhara,182,Azshara
1,4,AzuremystIsle,465,Azuremyst Isle
1,5,Lowerbanethilbarrowden,1231,Ban'ethil Barrow Den
1,6,BloodmystIsle,477,Bloodmyst Isle
1,7,burningbladecoven,1217,Burning Blade Coven
1,8,cavernsoftime,1204,Caverns of Time
1,9,Darkshore,43,Darkshore
1,10,Darnassis,382,Darnassus
1,11,AzzarFaire,2010,Dawnrise Island
1,12,DepthbreakerHollow,2040,Depthbreaker's Hollow
1,13,Desolace,102,Desolace
1,14,Durotar,5,Durotar
1,15,Dustwallow,142,Dustwallow Marsh
1,16,dustwindcave,1218,Dustwind Cave
1,17,felrock,1232,Fel Rock
1,18,Felwood,183,Felwood
1,19,Feralas,122,Feralas
1,20,AzzarFaire2,2011,Glorious Azzar Faire
1,21,maraudonorange,1208,Maraudon
1,22,Moonglade,242,Moonglade
1,23,MoonlitOssuary,2031,Moonlit Ossuary
1,24,Mulgore,10,Mulgore
1,25,Ogrimmar,322,Orgrimmar
1,26,palemanerock,1224,Palemane Rock
1,27,campnarachestart,1245,Red Cloud Mesa
1,28,shadowglenstart,1243,Shadowglen
1,29,shadowthreadcave,1233,Shadowthread Cave
1,30,Silithus,262,Silithus
1,31,SinisterLair,2030,Sinister Lair
1,32,skullrock,1219,Skull Rock
1,33,stillpinehold,1211,Stillpine Hold
1,34,StonetalonMountains,82,Stonetalon Mountains
1,35,Tanaris,162,Tanaris
1,36,Teldrassil,42,Teldrassil
1,37,Barrens,12,The Barrens
1,38,TheExodar,472,The Exodar
1,39,thegapingchasm,1229,The Gaping Chasm
1,40,thenoxiouslair,1228,The Noxious Lair
1,41,theslitheringscar,1234,The Slithering Scar
1,42,theventurecomine,1225,The Venture Co. Mine
1,43,ThousandNeedles,62,Thousand Needles
1,44,ThunderBluff,363,Thunder Bluff
1,45,tideshollow,1212,Tides' Hollow
1,46,twilightsrun,1227,Twilight's Run
1,47,UngoroCrater,202,Un'Goro Crater
1,48,valleyoftrialsstart,1244,Valley of Trials
1,49,wailingcavernsbarrens,1201,Wailing Caverns
1,50,Winterspring,282,Winterspring
1,51,Xorthal's Lair,2032,Xorthal's Lair
2,1,Alterac,16,Alterac Mountains
2,2,amanicatacombs,1223,Amani Catacombs
2,3,Arathi,17,Arathi Highlands
2,4,Badlands,18,Badlands
2,5,blackrockmountain,1205,Blackrock Mountain
2,6,BlastedLands,20,Blasted Lands
2,7,BurningSteppes,30,Burning Steppes
2,8,coldridgepass,1215,Coldridge Pass
2,9,coldridgevalley,1239,Coldridge Valley
2,10,DeadwindPass,33,Deadwind Pass
2,11,deathknellstart,1240,Deathknell
2,12,Palehorn,2064,Druk'Thar
2,13,DunKazad,2067,Dun Kazad
2,14,DunMorogh,28,Dun Morogh
2,15,Duskwood,35,Duskwood
2,16,EasternPlaguelands,24,Eastern Plaguelands
2,17,echoridgemine,1226,Echo Ridge Mine
2,18,Elwynn,31,Elwynn Forest
2,19,EversongWoods,463,Eversong Woods
2,20,Upperfargodeepmine,1220,Fargodeep Mine
2,21,Ghostlands,464,Ghostlands
2,22,golbolarquarry,1214,Gol'Bolar Quarry
2,23,goldcoastquarry,1236,Gold Coast Quarry
2,24,Hilsbrad,25,Hillsbrad Foothills
2,25,Ironforge,342,Ironforge
2,26,Sunwell,500,Isle of Quel'Danas
2,27,jangolodemine,1237,Jangolode Mine
2,28,jasperlodemine,1222,Jasperlode Mine
2,29,LochModan,36,Loch Modan
2,30,nightwebshollow,1213,Night Web's Hollow
2,31,northshire,1238,Northshire Valley
2,32,Scadeald,2063,Pale Reach
2,33,Redridge,37,Redridge Mountains
2,34,scarletmonasteryentrance,1202,Scarlet Monastery
2,35,SearingGorge,29,Searing Gorge
2,36,SecretInquisitorialDungeon,2029,Secret Inquisitorial Dungeon
2,37,ShadewellSpring,2028,Shadewell
2,38,SilvermoonCity,481,Silvermoon City
2,39,Silverpine,22,Silverpine Forest
2,40,Stormwind,302,Stormwind City
2,41,Stranglethorn,38,Stranglethorn Vale
2,42,sunstriderislestart,1241,Sunstrider Isle
2,43,SwampOfSorrows,39,Swamp of Sorrows
2,44,deadmineswestfall,1235,The Deadmines
2,45,thegrizzledden,1216,The Grizzled Den
2,46,Hinterlands,27,The Hinterlands
2,47,Tirisfal,21,Tirisfal Glades
2,48,Uldamanin,1210,Uldaman
2,49,Undercity,383,Undercity
2,50,WesternPlaguelands,23,Western Plaguelands
2,51,Westfall,40,Westfall
2,52,Wetlands,41,Wetlands
3,1,BladesEdgeMountains,476,Blade's Edge Mountains
3,2,Hellfire,466,Hellfire Peninsula
3,3,Nagrand,478,Nagrand
3,4,Netherstorm,480,Netherstorm
3,5,ShadowmoonValley,474,Shadowmoon Valley
3,6,ShattrathCity,482,Shattrath City
3,7,TerokkarForest,479,Terokkar Forest
3,8,Zangarmarsh,468,Zangarmarsh
4,1,BoreanTundra,487,Borean Tundra
4,2,CrystalsongForest,511,Crystalsong Forest
4,3,Dalaran,505,Dalaran
4,4,Dragonblight,489,Dragonblight
4,5,GrizzlyHills,491,Grizzly Hills
4,6,HowlingFjord,492,Howling Fjord
4,7,HrothgarsLanding,542,Hrothgar's Landing
4,8,IcecrownGlacier,493,Icecrown
4,9,SholazarBasin,494,Sholazar Basin
4,10,TheStormPeaks,496,The Storm Peaks
4,11,LakeWintergrasp,502,Wintergrasp
4,12,ZulDrak,497,Zul'Drak
6,1,MinigamesBulletRomper,2050,Bullet Romper
6,2,MinigamesDarkIronAscent,2058,Dark Iron Ascent
6,3,MinigamesDuckHunt,2049,Duck Hunt
6,4,MinigamesEmeraldAscent,2059,Emerald Ascent
6,5,MinigamesKulTiranAscent,2052,Kul Tiran Ascent
6,6,MinigamesLegionAscent,2057,Legion Ascent
6,7,MinigamesMechagnomicAscent,2053,Mechagnomic Ascent
6,8,MinigamesNagaAscent,2055,Naga Ascent
6,9,Rainbowrace,2046,Rainbow Race
6,10,Minigamesvoid,2048,Shadow Eye
6,11,MinigamesTitanicAscent,2060,Titanic Ascent
6,12,MinigamesVerticalAscend,2051,Vertical Ascend
6,13,MinigamesVolcanicAscent,2054,Volcanic Ascent
6,14,MinigamesWonka,2047,Wonka Wonka!
6,15,MinigamesZandalariAscent,2056,Zandalari Ascent
7,1,Underworld2,2071,Underworld
