C,1,,36800.210572494,24533.025279205,-8590.4072504934,5628.6928561023,0
Z,1,AzuremystIsle,4070.877199989,2714.563862991,9966.708003150,5460.278492344,
Z,1,DustwindCave19_,258.000000000,172.000000000,21689.099609000,11828.650391000,
Z,1,Moonglade,2308.359613919,1539.572004392,18448.049412809,4308.203668830,
Z,1,Barrens,10133.442313538,6756.201888542,14443.840409014,11187.320637975,
Z,1,Winterspring,7100.076688034,4733.299352687,17383.455362353,4266.537029274,
Z,1,Ogrimmar,1402.619172464,935.409749519,20747.426152308,10525.948193925,
Z,1,TiragardeKeep10_,125.000977000,83.334000000,22119.099121000,13003.233383000,
Z,1,Hyjal,3195.891113000,2129.073486000,18205.577637000,6714.003906000,
Z,1,AmmenValeStart,1818.750000000,1212.500000000,12281.181641000,6270.733406000,
Z,1,Darkshore,6550.071429379,4366.635262519,14125.086443196,4466.535577798,
Z,1,MaraudonOutside21_,600.000000000,400.000000000,13981.099609000,14049.900391000,
Z,1,Desolace,4495.882561568,2997.895112390,12833.405689257,12347.729138699,
Z,1,GMIsland,828.000000000,541.000000000,318.599609000,-3725.099609000,
Z,1,CavernsofTime18_,1306.000000000,870.666504000,20774.099609000,20836.566895000,
Z,1,Tanaris,6900.075410478,4599.967247106,17285.537173371,18674.767389512,
Z,1,ThunderBluff,1043.761162566,695.828636322,16550.112969880,13649.802964455,
Z,1,Durotar,5287.556393264,3524.975103516,19029.306418312,10991.488665205,
Z,1,BurningBladeCoven8_,266.000000000,177.333341000,21233.099609000,12794.400058000,
Z,1,BloodmystIsle,3262.535628258,2174.984213312,9541.702868577,3424.876454548,
Z,1,StonetalonMountains,4883.386126224,3256.226857096,13820.916598944,9883.163451644,
Z,1,Darnassis,1058.344272033,705.724474226,14128.390584343,2561.565704788,
Z,1,MaraudonOutside22_,560.020020000,373.346680000,13901.589600000,13892.227051000,
Z,1,StillpineHold3_,474.990234000,316.660156000,11714.154297000,5675.737312000,
Z,1,TidesHollow2_,375.000000000,250.000000000,10835.599609000,7306.567391000,
Z,1,WailingCavernsBarrens20_,570.000000000,380.000000000,18969.099609000,13289.900391000,
Z,1,CavernsofTime17_,1107.509766000,738.339844000,21230.344727000,20755.730469000,
Z,1,ThousandNeedles,4400.046926738,2933.311990587,17500.123305441,16766.447420721,
Z,1,BanethilBarrowden4_,230.009766000,153.339844000,15381.594727000,2918.230469000,
Z,1,Ashenvale,5766.728885830,3843.722331667,15366.766755926,8126.925930316,
Z,1,Teldrassil,5091.720159017,3393.725685278,13252.161186377,968.643510052,
Z,1,UngoroCrater,3700.039952385,2466.648940831,16533.446178212,18766.433183049,
Z,1,TheNoxiousLair15_,750.000000000,500.000000000,19256.599609000,20439.900391000,
Z,1,Mulgore,5137.555664510,3424.975591847,15018.846384306,13072.723749395,
Z,1,TheSlitheringScar14_,382.500000000,255.000000000,18050.349609000,20729.900391000,
Z,1,Felwood,5750.062500603,3833.305789536,15425.100508419,5666.526960522,
Z,1,TwilightsRun13_,252.509903000,168.339844000,16905.344605000,18983.230469000,
Z,1,Aszhara,5070.886912364,3381.225547904,20343.904319060,7458.180748920,
Z,1,CampNaracheStart,1766.667969000,1177.082031000,16833.265625000,15376.984375000,
Z,1,SkullRock12_,270.000000000,180.000000000,21695.599609000,11219.400391000,
Z,1,TiragardeKeep11_,125.000977000,83.334000000,22119.099121000,13003.233383000,
Z,1,TheVentureCoMine7_,741.000000000,494.000000000,17884.599609000,14235.900391000,
Z,1,PalemaneRock6_,350.010010000,233.339844000,16486.594605000,15063.230469000,
Z,1,Ogrimmar1_,362.089844000,241.390015000,21230.569824000,10867.630371000,
Z,1,ValleyofTrialsStart,1350.000000000,900.000000000,20708.265625000,12799.900391000,
Z,1,TheExodar,1056.782908333,704.682779572,10533.080677887,6276.205943683,
Z,1,BanethilBarrowden5_,380.009766000,253.339844000,15331.594727000,2868.230469000,
Z,1,Feralas,6950.074764790,4633.300220031,11625.059688637,15166.458598852,
Z,1,FelRock3_,279.600586000,186.400391000,15816.799316000,2588.200195000,
Z,1,ShadowthreadCave2_,480.000000000,320.000000000,15926.599609000,1764.900391000,
Z,1,ShadowglenStart,1450.000977000,966.666992000,15574.932617000,1766.567383000,
Z,1,Dustwallow,5250.057340719,3499.975024621,18041.795555251,14833.127850837,
Z,1,TheGapingChasm16_,885.000000000,590.000000000,20679.099609000,21699.900391000,
Z,1,Silithus,3483.371660837,2322.900917404,14529.257798321,18758.100347392,
C,2,,40741.175327834,27149.795290881,18542.312208367,3585.574573159,0
Z,2,LochModan,2758.333078631,1839.589436540,20165.717440139,15663.906441319,
Z,2,BurningSteppes,2929.167049648,1952.091015082,18438.634158663,18207.665507740,
Z,2,ColdridgePass6_,330.000000000,220.000000000,17926.970703000,17196.343750000,
Z,2,Hinterlands,3849.999302584,2566.676742511,19746.967590798,9709.715638073,
Z,2,BlackrockMountain14_,712.500000000,475.000000000,18933.220703000,18501.343750000,
Z,2,Westfall,3499.999662793,2333.342511708,15155.301691149,20576.425352477,
Z,2,Badlands,2487.500569929,1658.340337616,20251.133450451,17065.994530906,
Z,2,Fargodeepmine1_,240.000000000,160.000000000,17890.220703000,20876.343750000,
Z,2,DeathknellStart,1089.583984000,727.083008000,16024.053711000,8905.510742000,
Z,2,Undercity,959.374547893,640.106604085,17298.775421152,9298.435370485,
Z,2,ColdridgeValley,964.583008000,643.750000000,17192.803711000,17138.843750000,
Z,2,Arathi,3599.999517304,2400.009317069,19038.634479264,11309.721952957,
Z,2,AmaniCatacombs1_,300.000000000,200.000000000,22951.970703000,5866.343750000,
Z,2,JasperlodeMine19_,323.250000000,215.500000000,18617.845703000,20161.343750000,
Z,2,Uldaman18_,562.500000000,375.000000000,20920.720703000,17131.343750000,
Z,2,Tirisfal,4518.747902731,3012.512329627,15138.636071465,7338.872677268,
Z,2,EchoRidgeMine3_,279.000000000,186.000000000,18198.970703000,19676.343750000,
Z,2,SwampOfSorrows,2293.750686254,1529.173582735,20394.883444249,20797.258953947,
Z,2,DeadminesWestfall17_,450.000000000,300.000000000,16379.470703000,22231.343750000,
Z,2,GolBolarQuarry11_,374.009766000,249.339844000,19714.965820000,16663.173828000,
Z,2,Alterac,2799.999464405,1866.674220583,17388.634680661,9676.382149826,
Z,2,SearingGorge,2231.249676776,1487.505327446,18494.884127291,17276.412490429,
Z,2,BlackrockMountain16_,760.023987000,506.682617000,18799.456726000,18263.002441000,
Z,2,Hilsbrad,3199.998998315,2133.341648261,17105.301613175,10776.386476899,
Z,2,BlackrockMountain15_,255.000000000,170.000000000,19316.970703000,18656.343750000,
Z,2,Duskwood,2699.999451812,1800.007435103,17338.634749849,20893.092629944,
Z,2,ScarletMonasteryEntrance13_,204.990234000,136.660156000,18831.975586000,8227.513672000,
Z,2,Fargodeepmine2_,255.000000000,170.000000000,17882.720703000,20886.343750000,
Z,2,NightWebsHollow12_,220.000000000,146.666748000,16151.970703000,9053.010254000,
Z,2,Ghostlands,3300.001914001,2200.008615841,21055.298985473,5309.698628621,
Z,2,BlastedLands,3349.999380719,2233.342487048,19413.634232847,21743.096205596,
Z,2,JangolodeMine5_,277.000000000,184.666016000,16601.470703000,20975.010742000,
Z,2,GnomereganEntrance10_,730.487457000,467.231934000,17089.041870000,15939.229980000,
Z,2,Ironforge,790.625237342,527.606626382,18885.559180050,15745.647579095,
Z,2,FrostmaneHovel9_,266.490234000,177.660156000,17663.725586000,17622.013672000,
Z,2,Silverpine,4199.999060067,2800.011050070,14721.968593792,9509.714862643,
Z,2,EversongWoods,4925.002711317,3283.346090242,20259.465506541,2534.687768168,
Z,2,FrostmaneHold8_,341.883179000,234.391113000,17323.910339000,16661.129883000,
Z,2,SilvermoonCity,1211.459296503,806.773690338,22172.716422249,3422.648306719,
Z,2,TheGrizzledDen7_,505.500000000,337.000000000,18139.220703000,16489.343750000,
Z,2,GoldCoastQuarry4_,262.500000000,175.000000000,16075.720703000,21606.343750000,
Z,2,Elwynn,3470.832795916,2314.592478811,16636.551461953,19116.002480863,
Z,2,Northshire,968.750000000,645.833984000,17984.470703000,19747.175781000,
Z,2,SunstriderIsleStart,1600.000000000,1066.666992000,21155.304687000,2743.010742000,
Z,2,Wetlands,4135.416085416,2756.260945423,18561.551149678,13324.313251147,
Z,2,WesternPlaguelands,4299.999720893,2866.677851772,17755.301244595,7809.708293789,
Z,2,Stormwind,1737.500553363,1158.337651000,16449.051099738,19172.252937045,
Z,2,Sunwell,3327.080984023,2218.757841579,21074.051253428,7.594755913,
Z,2,DeadwindPass,2499.999255462,1666.673717207,19005.300993993,21043.093199632,
Z,2,EasternPlaguelands,4031.248684963,2687.510259087,20459.468003370,7472.207074316,
Z,2,Redridge,2170.833008877,1447.921846941,19742.800731990,19751.422003728,
Z,2,Stranglethorn,6381.247773741,4254.183097415,15951.135301137,22345.182455888,
Z,2,DunMorogh,4925.000979132,3283.346244075,16369.883720146,15053.486528339,
C,3,,17463.987300595,11642.355227091,,,3
Z,3,ShattrathCity,1306.243111124,870.806226824,6860.744657086,7295.086006462,
Z,3,TerokkarForest,5399.971897226,3599.887549732,5912.675291103,6821.146327166,
Z,3,Netherstorm,5574.970542741,3716.550667470,7512.666973903,365.097986881,
Z,3,Zangarmarsh,5027.057239215,3351.978661481,3521.020775148,3885.821395737,
Z,3,ShadowmoonValley,5499.971055470,3666.551832579,8770.993482940,7769.033432511,
Z,3,Hellfire,5164.556244744,3443.642304601,7456.417231267,4339.973859433,
Z,3,BladesEdgeMountains,5424.971374543,3616.553525585,4150.184588602,1412.982196881,
Z,3,Nagrand,5524.971116485,3683.218433421,2700.192056890,5779.512082963,
C,4,,17751.396244105,11834.311987053,16020.940443982,454.2451915718,0
Z,4,IcecrownGlacier,6270.832975322,4181.266519841,3773.401695036,1166.296622984,
Z,4,Dragonblight,5608.332396546,3739.598062842,5590.068422600,5018.394866269,
Z,4,SholazarBasin,4356.249510483,2904.178067738,2287.985538504,3305.888591396,
Z,4,ZulDrak,4993.749118858,3329.179762968,9817.151095677,2924.637042390,
Z,4,CrystalsongForest,2722.916513744,1814.590295101,7773.401390128,4091.308181657,
Z,4,HrothgarsLanding,3677.082560623,2452.093653510,6419.234857392,-187.875723266,
Z,4,TheStormPeaks,7112.498187402,4741.684740041,7375.484940714,395.460585630,
Z,4,BoreanTundra,5764.582303296,3843.764953143,646.319247443,5695.481140505,
Z,4,LakeWintergrasp,2974.999481060,1983.341134083,4887.985289184,4876.727878058,
Z,4,Dalaran,830.014939338,553.341856794,8164.641313001,4526.723129622,
Z,4,HowlingFjord,6045.831836878,4031.265457002,10615.067962715,7476.738315126,
Z,4,GrizzlyHills,5249.998732533,3500.013689934,10327.567861622,5076.728707809,
C,5,,40741.175327834,27149.795290881,19242.312208367,4885.574573159,0
Z,5,ScarletEnclave,2000.248684963,1333.510259087,22459.468003370,7672.207074316,
C,0,,47714.278579261,31809.648576101,,,0
